[
  {
    "value": "neptune",
    "synonyms": [
      "neptune",
      "ネプチューン"
    ]
  },
  {
    "value": "uranus",
    "synonyms": [
      "uranus",
      "ウラヌス"
    ]
  },
  {
    "value": "mercury",
    "synonyms": [
      "mercury",
      "マーキュリー"
    ]
  },
  {
    "value": "ariel",
    "synonyms": [
      "ariel",
      "アリエル"
    ]
  },
  {
    "value": "saturn",
    "synonyms": [
      "saturn",
      "サターン"
    ]
  },
  {
    "value": "orion",
    "synonyms": [
      "orion",
      "オリオン"
    ]
  },
  {
    "value": "scorpius",
    "synonyms": [
      "scorpius",
      "スコーピウス"
    ]
  },
  {
    "value": "pyxis",
    "synonyms": [
      "pyxis",
      "ピクシス"
    ]
  }
]